Tiempo; best; promedio; cuartil3; max; min; quartil1;c ;ssim
3993.682888; 0.329345; 0.670655; 0.670655; 0.670655; 0.664125; 0.670655 0.350104 0.991206
